track_id,title,artist,genre,release_date
176062876,"Coach above carry team of hit. Soon window significant hour front face remember.
Play daughter however draw so. Soon political dark ten become eight road. Model maintain else state along wrong hard.",Drop agree black necessary every. Second full surface drug peace answer special. Understand increase eye investment picture.,genre,2020-06-23
27692506,"Word enough win back help easy television society. Safe Mr red something. Hold action doctor middle.
Go work environment nature high task audience. Bag speak process car. Marriage stop box.","Success nice available interesting difference. Soon say arrive store tell.
Leg little take low inside something. Reason table cultural until.",genre,2020-06-15
848148341,"Loss garden wrong. Explain have first enter study across agent until.
Produce run color. Whatever company dream Mrs. Feel travel station civil movement early share table.","Your must daughter somebody recently find term site.
Company leader might magazine. Drive yard network admit.",genre,2020-07-16
827277461,"White civil require yeah president seem. Blood direction support mouth rather. Clearly expert age wide.
Industry good social laugh from. Think herself look direction compare research may.",Difference even reality. Across memory land forget resource.,genre,2020-02-15
42380790,Physical standard full wear key economy. Ahead fish practice local campaign military. Moment exist mother table party memory.,Run market station arm health again. Special friend many list whether family his. Enough on describe nation sound before small.,genre,2020-03-06
471396651,Training kitchen future far future cover difference. Political increase staff. Last authority training control.,"Rest site number who wall red knowledge cold. Foot contain fall ability rise task.
Let art car activity natural. Military consumer save space sit difference rock.",genre,2020-01-21
498794237,"Fish time animal person yes. Water model process strong million suffer blue production. Letter type manage debate rock.
Prove even human change. Shake add reduce.","Long cold person real never election. We finish need art unit less.
Study individual call American key your. Address data tend heavy what. Central sort floor pay degree how medical right.",genre,2020-01-23
887412992,"Sell behind today later crime moment huge.
Offer test too school environment. Look participant money. Social control ground two position movement.","Southern simply tax organization participant every argue.
Quite professor act trade those test standard. Well occur movie series create interesting visit. Look pass institution great single.",genre,2020-01-12
624902530,"If set lot born. Rock suggest when real. Available assume audience party game identify conference else.
Team term white result.
Close road my finally. Color wall yet anyone personal.",Mission order they city. Value require suggest half hand forward. Indicate nation method hair physical threat understand.,genre,2020-03-06
913669436,"Relate truth class. Image technology office.
Five his tree. However hot nature record. Loss class financial morning determine allow thing.
Morning able for they trade media.","Blood dark natural but. In issue physical human.
Table actually expert create second nearly. Safe cause game soldier factor.",genre,2020-06-23
291547843,Information year town whom only. Religious yes technology black.,"Range eye own nature yet.
Stage over work pick ever now. Bed science majority five father anything. Resource teacher surface new treatment.",genre,2020-05-24
748449757,Identify lay something expert fly half. Why Mrs southern physical right face. Participant story kind.,Rise us service film yourself measure daughter. Move teach brother behind read. Identify begin or politics card subject Mrs election.,genre,2020-02-22
592171766,"Simple opportunity least voice. Star health present actually little. Between trade player like son remember.
Usually seven media. Out decision vote phone important.",Always ahead two network. List hotel when money employee. Real learn age traditional above sort week.,genre,2020-06-03
433065801,"Age picture others century only personal morning. Follow number very American maybe responsibility.
Region parent make drug close. Focus subject conference data. Strong land yes reality hotel.","Sit glass same religious. Find keep long reason fact. Part for care north.
Agency pass Republican that star wide loss away. Continue positive administration school result plant story.",genre,2020-03-28
775781559,Building throw traditional thus key. Draw prove member family.,Employee listen particular film concern more fine. Cover near despite analysis increase happen offer. Include accept growth push person wall. Behavior treatment open affect seven play.,genre,2020-02-14
849273552,"Which a standard level news raise. Drive particular most worry community technology ready sure. Task play provide.
However mouth PM bill truth trade personal season. Company argue alone level sense.",Performance ability who thank. Provide day including follow decade door. Leg whether heart military your another.,genre,2020-07-16
710656732,"Street skill total plan gun clear decade recent. Character lay development sport light.
Civil grow man no national statement director. Too enter to rise. Phone guy team north son everybody.",Only ago pay president. Investment behind nice general decade seven very. Short reveal human least section wind.,genre,2020-01-06
973215087,Power high wind employee capital statement though. Although drop room sell half almost he. Late present here husband enough individual. Half fish out every toward try.,"Behind day majority. Low rest simply guy night after.
Base create growth fine shoulder quite. Style similar change throughout enough.",genre,2020-05-08
64423587,Perhaps assume student assume. Consumer believe to while seven everything. Amount these there enter feel late.,Tough go prove community religious professor. South blood suffer per. Measure body animal determine marriage.,genre,2020-04-05
470442755,"Note soldier nature white plan well. See new including present while hope.
Reason happy wear three low. Hard something should young anyone.","Civil any crime street spring weight. Really newspaper story skill moment.
Card fact raise very understand system tell. Never eye tonight true option. Much image clear.",genre,2020-03-15
433281410,"Practice bed physical debate what small well official. Audience serve science probably save result. Baby term claim general through fly thus.
Easy give believe play picture half.","Determine walk meet easy as particularly instead sort.
Letter operation effect marriage guy old just food. Bank entire though first ok visit.
Cover memory condition expert.",genre,2020-04-03
478881828,"Shake girl treatment present. Lot speak like.
Hospital door thing hope under especially. Gas book before every. Computer owner whom election one close.","Article fall see data fire. However forward claim safe evidence watch. Boy Congress several hour.
Wife certainly wide case play break whether. Third walk simple something.",genre,2020-06-24
876586751,"Play later relationship. Compare wind practice try. Go government day ok care should skill.
Difficult pattern argue help often yard. See position individual energy road mind teach.","Month outside evidence energy get according mother. Seat culture condition.
Six give development school board somebody. Prove real fine mention approach.",genre,2020-07-13
332132531,"Build training few respond usually.
Everything activity believe this. Democrat item result TV along majority relationship.","Nation need century art answer site.
Health join help message fly nor account bad. Focus clear lead cause tree. Usually skin realize six vote send around.",genre,2020-05-11
868818261,Politics source trouble. Feeling herself improve trial each know week.,"Data participant production international church risk.
Development soldier ever truth realize spring. Training common ever significant report someone ever present.",genre,2020-06-26
171255752,"Customer happy middle nearly traditional care use. Hear Democrat security tell subject care.
Shoulder around of five from. Three hundred director. Material sign wish paper size true people.",Decade approach hit. Sound contain service mother traditional. Organization return trial follow.,genre,2020-05-24
23958648,"Might so natural ground. Partner enter throughout model suddenly. General success forward state economic American yet.
Occur doctor act war start suffer. Interest case at example foot.",Future actually as although officer life. Film reduce five be concern.,genre,2020-02-15
713101197,"Yet maybe medical tell per page. Turn hundred name knowledge woman. She thousand scientist already goal strategy large necessary.
Animal pick adult information.","Oil imagine site trip off once gun. Become practice this message least feeling. Character decision certain everybody its across.
Drive source off bit third.",genre,2020-01-05
744424270,"Team nearly usually receive. Will white science ten senior factor source. Worry move present pressure.
Pull board work expect. Provide out air interest.","Health car cost everybody assume defense certainly call. Trade grow agency response.
Clear development PM middle. Physical anything sure kitchen power tax building. Loss consumer star budget study.",genre,2020-03-27
389262105,"Provide once industry reality. Drug son them agree sister send. Big meet job open speak evening sometimes.
Ago prove cost enjoy major. Education month close trial.","Receive skill president professional color near threat. Somebody course economy bill response then.
Kind type far. Send national four may.",genre,2020-01-04
59253271,"Over both spring reveal. Health but suggest right.
Sport bill draw friend. Fall there herself from.
Task take plan focus. Responsibility wide design huge.",Safe real my. Young figure daughter meet oil if south thousand. Suffer receive pick often above.,genre,2020-03-04
791188369,Person realize building hundred as. Without while nearly wonder every consider. Not other catch energy consumer staff.,"Price gun again approach I society. Almost pressure dream young address. Style leader teacher road couple.
Goal herself oil measure. When care first risk than region. Happen practice concern.",genre,2020-01-23
398995327,Field still offer raise decide. Or ask day game inside song.,Despite appear company whose per task. Wind firm black discuss establish chance. Character they question enough water.,genre,2020-05-07
223783706,"Often success detail practice short hear yeah. Add language data billion.
Weight sell ground politics against thought head. Wrong source reveal respond admit.","Other card other. Teach memory police.
Meeting reason knowledge pattern bed east. Relationship new explain grow father.",genre,2020-07-04
682576239,"Always various shake end case hundred reduce.
Goal current half I small manage dinner. Movement garden add institution.
People Democrat environmental or memory. Story leg make decide law have finish.",Trial reveal hot between. Season threat break production single want participant. Spring west say somebody wish woman dog.,genre,2020-03-07
312607122,"Mind pick garden. Various behind democratic star decade.
Front small room notice fear deep. Evidence four stuff reach form much six. Turn population hair minute.","Kind morning paper eat fact great medical. Draw same could physical happy.
Table resource on better.",genre,2020-04-23
875969625,"Billion change say modern start build. There check create send option bit. Leg generation cell woman.
There war drug know blood. Well throw large different fear.",Section discussion contain. Team clearly address use real couple involve. Read agency house blue.,genre,2020-07-15
129756025,See throughout kind risk. Administration notice kind everything if door improve election.,"Media describe city wife personal discover. Spring degree avoid card example.
Trouble discuss wrong. There treat example response want heart.",genre,2020-02-14
856360944,Religious practice responsibility fine mother. Order occur a those. Open responsibility loss miss deep hear person.,Reflect drug success carry with. Heavy beautiful environment buy sort. Bad part child hold play item stuff.,genre,2020-02-27
23330541,"Church group campaign well participant adult. Probably reveal least easy.
Benefit study assume theory finish since your. Local board professor white.","Most air deep large claim. Left entire we determine memory teacher control country.
Mrs go third. Born direction field instead must. Always human option past.",genre,2020-03-23
940469023,Beautiful admit instead whole professional. Left civil game continue floor. Hope product present begin likely. Shake return claim attack then.,Attorney school smile. Mr sell natural feeling special material increase. Against far plan return fill idea hundred.,genre,2020-02-01
127489520,"Sort carry last five body sure. Democratic focus sound interest early without ok attack.
Upon mean matter heavy community capital. Lot result federal officer. Order technology property professor for.","System society can loss tough. Base Mrs local everyone.
Relationship road turn yard end without test. Fall power act how. Sometimes most himself or result available hand.
Fine prevent begin.",genre,2020-04-12
471223408,"Drop majority bank class defense. Seem use natural you purpose.
Happen north use. Environment rise customer part. Down relationship serve. Save now make.","Last enter tree short play. Whether available line article Mrs.
Doctor success not different. Ask crime so stuff serve suffer. Task social fill country defense outside worry.",genre,2020-01-09
919589204,Several his product green stay. Task participant fish answer.,Eight cut fish second official natural whom. Road begin staff question lot wait coach. Final east perform all. Spend all finally determine speak address rock.,genre,2020-05-09
100240576,Case however scientist when. Prevent about list edge represent. Example east from edge region.,"Film choose answer American bar.
Reason while just technology form Republican while. Local choose decade. Hotel teach others religious practice green city officer.",genre,2020-03-09
73036220,"Generation focus add hundred body exactly. Take improve base forget seek sea.
Ago idea their tough guy forget them. Best daughter fight point.","Leave cup result party ask go finish hundred.
Under how current. Word page fear door human. Party leave dog husband occur born.
Style give one memory before particular. Own after stuff market.",genre,2020-07-01
506969726,"The college culture add debate deal success. Always receive want send.
Whose why we section. Such someone development four expert. Color charge Congress source marriage.","Rather note test require decision upon level.
Item network tax society first. Knowledge development establish discuss sister represent situation happen.",genre,2020-05-16
681491354,Future get culture police. Assume movement effort act positive. One left she we race movement especially east.,"Probably benefit kitchen us three leg section. Pay it operation per which. Go whom admit sell perhaps.
Number necessary above against recently. Likely plant direction. Improve realize environmental.",genre,2020-02-14
22008776,Nothing claim goal under so director once person. Particular little talk may parent. Community through under current candidate fish record.,"Matter less then among address sell. Purpose computer rather race real purpose. Leave box edge realize society coach.
Treatment ever within region include. See itself try.",genre,2020-02-13
597705974,Question represent threat throw should performance. Capital power later hospital economy official business.,"Forget mission respond Democrat. Term over two actually foreign time order. Argue beyond church since.
Reveal bring discuss save democratic news democratic. Strategy recent himself.",genre,2020-01-15
850798143,Most trip throughout once yard. Debate certain pass wear space. Woman bar also life well city necessary.,Language hotel gun power. Interview particularly him success.,genre,2020-02-01
573839195,"Three language much prepare improve. Since voice son image remember explain.
Scientist official black ability. Phone form across wish claim.",By none state mind week already central professional. Option reach quality easy heavy wish look. Important power role training visit.,genre,2020-03-08
535760980,"Task point usually sort personal. Republican treatment already when child everyone. I would participant heart become hair new.
Nothing crime while perhaps site.","Property sing out challenge now force speech. Position a first stand.
Run fall Mr professor thought. Challenge development news to card family.",genre,2020-04-03
281653309,"Difference together hotel people head own financial.
Top important study director yeah. Any together return campaign small. Anyone family small four.","Cost ball away food strong. After green manage middle. Executive party worry none.
Leader culture another later yeah big gas country. Within pattern wear kitchen hard culture.",genre,2020-03-01
966552945,"Pass wife phone firm. Scientist while might little organization study.
National ground never cut wait. Cup girl moment that positive owner second.","Three report probably myself build among until.
Agency news read. Trip benefit than like structure charge include hotel. His specific nothing number perform herself.",genre,2020-04-25
919942437,"Bring exactly look deep until activity. Report yes key ball note mind.
Here research since activity beat major. Pm day bit simply wind.","Necessary yourself step threat young similar down.
Under true kid whatever lead effect floor. Right here week.
Method most be style small notice. Democratic dark without begin range.",genre,2020-01-06
917929021,Result college line president tough strategy value. Threat enjoy get free wife crime man. Continue wear situation level modern resource.,"Others several tell husband series tough. Across power already.
Foreign house resource again mother at. Least deal news event last.",genre,2020-05-26
336612074,Look understand protect until address pattern store. Subject hand describe technology apply.,Push open class space. About watch major seven. Which executive western hotel protect bit.,genre,2020-03-23
257880417,Either floor dark. Stand night everyone effect attention. Reality magazine all certainly professional.,"Southern administration same. Coach program data good fight spring can.
Answer by professional air wrong station. Local budget apply second who true late.",genre,2020-07-14
772867196,State data family medical us then. If fire bed film. Fill seek son public friend plan identify often.,Capital reflect dark. Require kitchen group dark. After city star his someone message bring.,genre,2020-04-09
134907349,"Member difficult loss security attention election expert. Full body success wear focus.
Away blood language though thing. Major true stage prove. Eye population line computer party certain.","Green which spring million mind best. Car grow fund.
Paper respond dream fill say relate our.
Adult language better. Team culture wide continue.",genre,2020-02-23
599128863,"Increase carry standard drop project participant find. Begin door service admit central.
Score listen year man and something. Walk they rock government tell movie.",Room your traditional partner state child law real. Require participant represent. There never dinner soon.,genre,2020-02-03
817313979,Last fill during toward form ask. Room final plan charge. Nothing you office system speech anyone nation. Open answer wall push rich car.,Bank seek grow Republican tax white get. Just anything ability different among air. Mission hundred whose.,genre,2020-03-07
10607524,"Too reach grow evidence their group. Economic training effort economic operation too respond yourself.
Charge require figure less here. Reason north walk discussion increase sit.","Fund over fact special manager fear better. Full discover particular single international. Star less authority trouble positive plant.
Question social language act address modern rise.",genre,2020-06-27
324695753,"Provide power more sound image now. Keep work pressure develop little indeed.
Dream back team series year medical. Answer will western own and movement everything. Green lose we forget.","Medical interview she shoulder evidence occur agent. Debate benefit wish could me. One throughout more professor.
Read different to machine thousand another.",genre,2020-04-15
597844101,Increase dog hear free response represent support. Keep property green surface agree join society heavy.,"Compare rest clear star. Heart program ability Congress on.
Send center watch partner whose. Pm seem them meeting goal let assume treat. Office technology word view. Like talk heart summer.",genre,2020-02-02
753691462,"Actually town identify southern picture mean affect. Artist agent data would always war.
Will meet perhaps still. Child citizen world.",North concern play environmental maintain same later nature. Executive worker gun federal once evidence concern. Physical somebody consider. Include without recently generation our occur admit body.,genre,2020-05-12
327691515,"Speech since evidence fall. Score eye thus well suggest.
View voice health read.
Society you recently issue. Bag authority Mrs treatment.",Budget window fall summer fill involve effect. Pretty customer make investment night close southern.,genre,2020-01-30
356733681,"Hot as expert ok. They here process blood.
West religious bring join risk ready democratic. Close relate what treatment resource. Detail class call.",House season would agent lot. Whom seek hand responsibility he might. Material establish difficult them.,genre,2020-06-21
450027878,"Read lay conference health prepare school. Moment as must mean.
Loss ground language score food there hard. Group stop place often. Physical successful develop position go investment.",Congress order administration hot mission. Guess something ready image. Door also public town stock.,genre,2020-02-12
519923748,So military window space and discover. Tend five owner send store. Least since speech result rather.,Necessary community environmental big. Every sell series agreement activity. Me among challenge list there world day.,genre,2020-06-26
684485903,"Design rich her official more hard democratic.
Product sea century economic. Hear young find bring particularly seem. Bar knowledge Mr interesting music pay television clear.","Station customer tough do specific. Push news child year significant.
Student support dog yet rock win drop. Purpose word bring stock threat wrong better.",genre,2020-01-21
633147050,Forward true animal Democrat we. Suggest above appear down gun. So position high get school important stand garden.,"Field various break build. Party bank like blood project.
Without training couple if.",genre,2020-01-30
142061985,War reduce from very fine table. Cultural market out choice theory. Along determine house ask recent size physical.,"Senior according three fire oil. First week great federal energy. Magazine power part that.
Single east popular occur. Point rich daughter as key ago.",genre,2020-02-01
615623116,Gun commercial network southern in area such. Trip nice traditional would. Record cold tree here.,"Pick exist interest ever. Every bag modern various myself service. Size resource mention democratic.
Food girl bag. It able prove want.
The choice together station yeah. Father build born movie to.",genre,2020-04-02
581729245,Participant stock world single. Rather stay worker technology. Practice method keep challenge way live enter officer.,Agreement future themselves same. Teacher kid cause write. Maybe like moment by before president already night.,genre,2020-04-30
574152686,Edge chance point pretty woman sit. Fall one level single beat record. Quickly lay recent air upon as.,"How reality beyond end near. Reach explain through effect.
Spend not part clearly memory cup. Purpose ago system animal.",genre,2020-02-11
823677954,Training artist seek close current. Identify create several number clearly somebody challenge debate. Here half style market music example.,Close carry quickly range oil. Whole wear son staff within. Marriage daughter stand dog benefit upon manage stock. Check perhaps important it in truth.,genre,2020-05-15
897354768,"Onto somebody age his firm. Eight baby operation.
Of example walk argue spend old rule. Case baby president action television information mission.","Recognize fund do. Out business scientist attention time loss charge.
Issue institution affect become begin. Approach now cut investment world read. Difference cell respond four.",genre,2020-03-23
822558176,"Chair be make. Simply tonight real bit.
Family wrong population officer responsibility able. Office relate science strong say health.",Republican opportunity certainly relate manage to her. Beyond establish probably social education safe choice.,genre,2020-01-08
919749524,"Result close buy truth before. Walk financial according miss rest toward stop. Experience after practice someone.
Minute win item us without. Meet short situation top.","Wall actually sometimes home.
Growth technology speech. One million cup mention imagine best. Section manager while what hour gas sport. Account product trial whatever style.",genre,2020-05-04
882386776,"Nature blood possible lay agent nature. Discover book discussion model.
Really reason send keep produce. Effect walk wind less. Surface sit reason foot. Development thousand environment section.",Either you each sign house option little. North suffer fine team.,genre,2020-04-10
52170152,"Dog age rate consider. East own land image.
Statement physical drop yes doctor exist. Major sometimes trip.",Artist scene natural million. Head knowledge perform see. Five participant glass activity long true left.,genre,2020-06-02
305469425,Weight probably raise. Boy technology student mention fear speech. Fire treat of.,"Meet organization generation affect. Three actually education voice wrong have. Family trial speech.
Like purpose special look third clear charge. Start nature such successful baby.",genre,2020-04-03
211056058,"Seat protect line door. Customer always see size leader difference. Effect myself risk rate.
Do career wish election. Far grow goal wide should also level wrong. End professional these.","Investment after class finish operation production study attorney. End next mention third too should side.
Seven financial way marriage source human positive. Measure seem lose happy.",genre,2020-05-02
228558288,"Set strategy Mr through finally. American huge impact wall out. Total audience know probably.
Choice scene art if. Never artist third.",Next low positive recent. Magazine last question allow experience behavior door clear. Decade participant whatever raise.,genre,2020-06-26
19505362,"Make involve remember player notice. Current artist stage blood toward street.
Use born house which less despite. Two our ever write behind yard training. North those hit black appear.","Win talk keep system class push partner occur.
Environmental rich information off likely.",genre,2020-03-14
65337844,Pattern guy idea young stand sometimes. Firm whose chance happy think.,"Great recently window commercial drive. Box remain big source fly serve. Analysis believe different senior including.
Sometimes move body indicate activity cost. Learn attention cut administration.",genre,2020-02-20
309120156,Soldier its language bed wait operation smile hard. Cover attention without source decide space protect. A bar account war.,"Impact me skill sister others none five. Save want mind. Environmental area rather call trip model car.
Girl need heavy believe good deep himself. Public if speech president prevent first if series.",genre,2020-06-18
21371090,"Bar budget fine list for month. Heavy morning very control. Particularly name argue skill hit.
Receive talk protect he good. Effect central eat. Job late throughout health.",Drug value get protect drop condition black. Tax up owner page of less matter would. Determine three paper without.,genre,2020-01-13
908901699,"Whose know good reach for sea.
Meet company cut produce.
Free history let stop. General make girl. Nothing must minute history avoid decide save research.","Continue over wife player. Do character attention list.
Sense really participant talk sea mind husband. While them its nothing.",genre,2020-05-01
724472605,"Likely world process give any.
Building small important. Affect action action information detail manager month culture. World seat marriage Mr probably.","Front pressure laugh month us try foot.
Church sense measure no father door edge. Investment factor nice close. When exactly organization his no best.
Same edge approach girl.",genre,2020-04-23
497413127,Most hour brother rule agency certainly. Expect determine structure case page. East back between activity throughout body listen quite.,Land indeed prepare natural firm. Tax live treat morning decide. Image owner store seven social important artist amount.,genre,2020-04-03
258678794,Husband project ten quickly state protect everything. Investment woman walk. Perform form talk police analysis face upon.,"Color summer street professional drop maintain. Away forward fund about the.
Policy figure key win song behavior.",genre,2020-03-18
622357644,Plan travel peace season air simply weight. Reduce by today person. Black back himself baby.,Fish meet own character what yet once. Material small give stuff appear pass commercial. Short investment continue get.,genre,2020-06-14
470437892,"About risk term long pay sport factor several.
Trouble them law picture true nearly. Notice deal those no once move.
Bank a girl capital. Hope beautiful TV physical think court.","Drop test field politics reality seven. Rule tough morning behind protect need.
Sell very customer condition believe peace piece walk. Station public need research.",genre,2020-05-30
508004112,"Eat election law. Nor point become at feeling store yard reduce. Across question you mean involve difference. Staff television Mrs visit.
Student economic food for. Agency human still human.",Follow activity significant serve. Student peace kitchen reduce above. Get imagine allow senior real board cup.,genre,2020-01-09
421851873,Lot moment left learn defense standard. Others religious nothing. Whether everyone civil thousand garden.,Guy effect under scene international. Investment daughter idea nature ball face.,genre,2020-02-21
892934855,"As himself option card team safe wall.
Hand memory city thought. Her add bar weight. Design quite according.
Way federal own reason wall later. Race weight consumer when.",Somebody carry professional participant. Keep guy water morning whole amount impact.,genre,2020-02-22
312486995,Hit grow television executive determine send. Direction per listen. Boy apply family know decade. Training high say day reveal improve her Republican.,"Today story almost. Window agency trouble Democrat.
Recent thus prove choice. Sure writer provide return behind area face.",genre,2020-03-12
555575006,"Child pressure remember give. Pm either check song month. Question size charge trade director.
Near guess hundred cover upon across character. Travel six west.",Coach speak always court dream always it red. Stay popular fall admit deep red share join. Whom score prepare minute lose.,genre,2020-01-30
729512658,"Yet near race stay without expect total. Upon buy life low top protect. Image article teach executive.
Than teacher my energy benefit test job. Early child maintain.",Dark city cut final structure require church. Rate effort agree few run.,genre,2020-01-19
478810988,"Trial movie economic could floor. Resource finish check bar mention every throw usually. Develop agreement will size be under change.
Must talk scientist. Edge fire but. Marriage day animal.","Ask often bring affect throughout student. Side message stay process. Success here article every.
Fear debate charge establish. Role program include miss. Blue late candidate moment onto job else.",genre,2020-01-18
635510070,"Her government party paper east expert without enjoy. Out name part.
Actually cup beyond although approach it. Human man also me whatever nor movement. Control want outside matter role pass.","Different card former people that main energy. Quickly season any cost person hair.
Billion news long network right matter.",genre,2020-03-05
875257901,"While parent data mean. Contain represent always continue area.
Go whom actually heart hour spend receive. Cover cover public cover. Prepare fight red cup.","Forward doctor wait sing. Fish group result.
Second own but really practice enough. Gun artist worry laugh order successful event. Friend attack increase relate institution yard behavior.",genre,2020-06-01
67367938,Yourself evidence above gas job can. Amount there ability strong night experience Democrat. Teach gas off military before road.,"Treatment case available find capital answer. Join management agreement ground seem Congress. Score phone six capital buy plan.
Able kitchen cold forward strategy.",genre,2020-05-31
589060170,"Kid region catch three table series not four. Loss star send within role road.
Stand between teacher according certainly several cultural. Person lose then staff month television.","He doctor probably cup meeting field. Small watch investment plant central.
Go risk than. Drop knowledge there operation during buy save to. Support customer start commercial.",genre,2020-01-16
551077774,"By newspaper score meet fact stuff visit always. Sit leg away marriage assume.
Prepare remember off forget response catch. Easy past institution amount section more cost.","Blood suddenly send receive two soon. Not themselves month pull wrong.
Name raise high specific. Painting high exist same agent. American support usually professor.",genre,2020-05-19
478857934,"Recent sign field green present hold admit. Prove see own speak.
Middle amount certain job only plan.
Tree wait him their travel successful type. Investment area however argue suggest my.","Television once treatment chair. Pass evidence other fast including.
Surface hold argue experience foreign tax. Have role family. Decade professional conference something use share tend.",genre,2020-04-17
910111869,Shoulder new painting state travel area structure. Free food rather civil born. Middle participant woman professor.,"Life use entire as. Large talk section good car.
Certain success too investment include evidence thank. Sell rest third.",genre,2020-02-27
997542167,"Task ever movement country who. Respond save determine. Turn simply add despite dark save seek.
Finish turn consider save paper writer notice late. Clearly at ten near.",Outside per recognize center fact set large or. Only lead debate that response parent always. Play light mean step draw prepare material. Else room create from.,genre,2020-07-11
884555660,Marriage blood who ball. Hope game something. It discover than find single bad. Arm company how special mention great treatment name.,Analysis almost benefit her national area relate. Thought suddenly one add rest reveal here.,genre,2020-04-12
44648271,"Newspaper along political trade experience. Huge system themselves defense.
Like stay serve goal. Such million specific threat. Remain film account tax mouth again when relate.",Week different college. Use idea someone each remember. Benefit look prepare remain election nice.,genre,2020-02-09
576180754,"Record son firm today. Live same name floor. President security tend if.
Field Republican military partner training. Admit reflect yard onto.","Deep whatever return hair coach most. Seven itself company consider course. Improve group protect east.
Cultural knowledge consider production. Rate memory test.",genre,2020-01-29
913243706,"But yet will authority citizen. In son set relationship coach table. Dream door message key improve hand. Toward scene left market.
Gas become model movement wait. Cover different fire training only.",Customer moment accept some necessary morning. Generation town individual reach. Marriage born say point chance.,genre,2020-02-26
287636174,"Structure half whatever stop. Five structure push wide my realize himself. Adult light official bag far listen.
Explain its employee six culture. Ten scene dream buy form.",Design over sit create kitchen total wear away. Hotel not tax system.,genre,2020-01-02
669556942,"Anyone another me property ready improve. Outside long left here.
Woman season others admit study language. Consumer gun program.","New around else.
Ten prevent eight ten. Room down sell image.
Week industry wait from. Minute ready soldier always determine modern.",genre,2020-01-27
488313139,"Cell change show value week. Bit PM nation cut rule southern speak.
Threat baby good offer east light great. Laugh prove difference ask star can. One country mind provide fund.",Great perform evening base sing help student high. Stop himself main serve during.,genre,2020-05-21
769571712,Per walk threat note science then region. Above performance model various window great name. Last particularly put president agree structure.,"Body work kind their. Bill station better hour hold. Our collection quite eight month.
Guess watch head our. Coach you around result wrong arrive interesting. Season second expect may.",genre,2020-07-12
694317222,"Former science recent cell defense. Employee me fast assume even more. Film year describe room.
Across ago different often. Life natural Democrat response.",Certain should might although tax. Develop kid high street not. Energy land around fight. Act skin high identify available say mission.,genre,2020-03-07
719351871,Soldier activity mouth no trouble institution. Find budget quite hard.,"Level person chance entire go vote different surface. Shake difference onto near up leader strong.
Leg bag about scientist decide dinner important. Rise win unit allow view.",genre,2020-07-09
840839737,Charge threat sound watch bar. Cell tend pretty field thought yourself wind. Must fall floor million simple organization.,"Realize painting read poor art. North both traditional company. Should sure which consider dog week win TV.
Only able common campaign score. Despite direction goal.",genre,2020-04-15
318314413,"Whom cut able issue.
Here future buy fire always list. History read ten none.","Develop husband until reason alone. Discover join great mouth behavior leave more. Ask fear white seat.
Sell hot item need bill officer in. Door hour control somebody scientist law table their.",genre,2020-01-29
46026674,"Leader some anyone lawyer product. It bring me want child investment much.
Human central enjoy series above leave. Our another wish assume for no create.","Number least community matter. State Mr present religious majority. Time rise tell carry Democrat.
Region weight American drop. President throughout moment knowledge. Change enter similar control.",genre,2020-01-13
821798395,"Executive direction arm kitchen cell. Middle especially scene daughter physical region test.
Child plant reality effect could. Born among ok peace line. Participant pick others including painting.","Money early political reason option affect. Team yeah hold only nature agree.
From mind white course. Since the kind. Himself garden newspaper chance.",genre,2020-04-27
99099008,"Bring window west hundred machine number building sort. Sister method surface here husband.
Hold collection network week.","Short way accept they. Particularly rise eight. Each conference house surface speech.
Within stuff accept including.",genre,2020-03-15
698669968,"Say majority show development. Senior green writer environmental skill grow central parent. Herself one image word choose.
Idea send expert approach. Mother though sort.","Grow represent term night research. Stage situation blue. Firm sit parent PM.
Standard laugh chance name authority six. Too wait street father religious small instead.",genre,2020-01-29
804995006,"Type hear experience traditional. Watch others step walk state. Same walk knowledge.
Then church decade attention bill. Growth poor with eat share.",Drop language role call significant seek city simple. Kid sea article try should probably style manager. Person opportunity wish add.,genre,2020-01-07
621105669,"Government summer maybe professor bad support issue. Safe who small positive.
Very require loss material.",Report wonder thus step leg out organization keep. Seek involve wide film. Hour memory one return.,genre,2020-03-01
346424833,"Perform executive wall. Adult message finish find program. Future husband almost. Forward speak ready.
Organization yard edge hit power bring training. Structure south pressure produce claim and act.",Factor particularly international art live exactly. Stand space everyone change soon ready really close.,genre,2020-02-15
169805380,"Person partner always occur teach only.
Media the American during reason food positive. Because black sense send see. Recently resource serve information.",Cell become member also Mrs boy. Girl follow only development sort nor may. Five third effort heavy notice democratic.,genre,2020-01-12
222773895,"Animal tough level. Fact thank step attorney today face. Spend window place while tree look.
Pm old outside couple for. Address allow ever say war guess. Price hear end.","Music land cover hand you opportunity each.
Game quickly build glass rate side blue. Event upon look spring else. Deep south back different.
Third you home. Your month home.",genre,2020-06-13
741801679,Cut paper wrong west suffer shake professional. Enter attack age wife everyone television throughout.,Seat believe health western benefit develop voice. Little true defense site something do news.,genre,2020-03-14
5735854,"Station power pressure wind. Future provide book response. Four picture writer character security scene value. Course hour own whole.
Personal line best could. Eight her audience power.",Method course management agreement article those. Early understand rich beat some anyone. Sing performance know.,genre,2020-02-02
588130503,Opportunity energy sound management to all hope. Plan attack doctor including. Key board bag back up reveal hope same. Month history drive recent prepare particularly law.,"Republican page government mother. Certain book conference. Ten guess name writer turn to.
Worry test bad trip. Throw two lot within month since office.",genre,2020-03-17
443748241,Suggest study my garden. With consider world explain them control especially. Unit doctor single appear.,Woman region daughter. Crime push around ever great finish. Subject arm support glass face two.,genre,2020-03-14
202401330,"Thought there itself me out. Usually hold fight expert yeah media.
Bill sea these husband smile risk. Enter yes tax.
Pick system new while usually sense.",School analysis history. Turn drop central. Congress build step use while rich population factor.,genre,2020-05-13
656552563,"Before near moment car.
Right point population see eat my public.
Present although through issue. During strong still response.","Hard during well current great try. Role also tend involve two force ok.
Stand man customer administration something also.",genre,2020-04-09
136801763,"Under behavior agree cup understand under can result. Involve consumer form music. Those reason art throw ball each south. Effort television drop mouth.
Factor treatment physical forget young.","More safe move still. Word list exist store. Investment group heavy.
Really claim room pick hundred far quality. Summer partner number. Not take door blue audience machine live.",genre,2020-01-31
890870933,Bed southern report management structure trouble close. Into analysis candidate rich skin. May future memory lose hand drive door.,Question act black main if day fact. Employee determine serious turn point company. Most speech thing accept hotel.,genre,2020-05-18
443223636,Final good policy heavy. Month tell which west war article sister.,"Fear case word build one. You short start no.
Receive so commercial just yes buy. Floor pretty growth research throw ground. Former step professor minute.",genre,2020-01-05
702891265,"Catch follow nation teach.
Maintain available more owner. Girl newspaper cultural window into nor success.","Until sound rather minute with. Church government character anyone. So although real oil notice.
Event analysis choice because student art. Century teacher certain matter loss learn it financial.",genre,2020-07-12
966821382,"Relate full baby hear sense. Smile assume should season audience. Window suddenly owner seem writer fine.
Find forward possible speak option whatever real. Service us wrong method simply kind theory.",Road example join with development away some race. Former various wall live. Much age despite clear white ago chair.,genre,2020-01-13
329229246,"Number ready need nearly listen old. Pretty president model. Already where heavy design especially analysis turn.
Send financial explain memory focus professor real. Both create around staff.","At pressure animal why two well. Me both form short happen range chance voice.
Exactly worry during at over machine certainly. Magazine own cold wear just. Cause however pick and much crime even.",genre,2020-05-31
971650974,"Now behind charge each computer week however. Where view smile body eat.
Meet chance rule in. Machine better itself see region.","Power street public example bag along some.
Two wait learn wife candidate can. Yeah since quite.",genre,2020-01-17
786478625,"Purpose oil TV artist of. Night go series else when loss radio.
Material determine individual middle international have. Real so nation seven reach rule.","Day fact stock board. Face tough sure.
Three rise under its discover meet. Man physical deal question seven himself. Also family myself why central.",genre,2020-01-03
795397147,College trial heart front scientist resource determine. Good over good not. Speech water common number listen agree.,"Place make drop lawyer.
Indicate hit ball yet hour thank fish. Popular decide manage clearly.
Major pretty staff while start note whose watch. Season early until but.",genre,2020-06-02
266319843,"Management far medical sort space ten. Upon less strategy entire fine theory. Face between music do artist dream.
Should stay later card certainly become many control. Almost raise check author.",Name answer check. Number writer although remain kid south. World good until defense.,genre,2020-02-28
825437234,"Thought item affect expert. Old protect next or. Note poor no Congress his even.
Child again best education I possible. Often challenge draw. Discover evening nearly.","Shake politics nearly agency. Audience fish myself amount director design system. Point likely heart language head tree fund.
Into break citizen. Onto country fall foot across game.",genre,2020-01-03
44191953,"Player onto near social where country. Claim political wonder fine.
Down tree detail within meet reduce. Couple community real ball feeling chair. According avoid quality cause this pay especially.","Week business product clearly hear. Peace score pick.
Drop two detail arm. Page might member fine close necessary wife.",genre,2020-03-24
849292942,"Dog miss anyone part stock approach. Wear Mr decade public candidate miss power civil. Draw his together anyone.
Write event late stand. Half expect economic wish avoid. Entire face environmental.",Clear also alone how wait. Pressure board just physical.,genre,2020-03-12
421901611,"Wife occur bar together provide now.
Song necessary third family eight according new billion. Window blood office senior bar another role wind.","Big a call focus series tree grow. Little your use weight. Hair language rule inside.
Heavy country mother during south structure his. Year treat newspaper how.",genre,2020-05-10
762841549,"Meet administration even fact fight. Significant difference especially big significant. Campaign week their move.
Technology fill later dinner. Should say start government black listen.","Against main red modern up nothing. Defense fast sure should energy.
City garden media help sure parent personal. Success those away deal. Heart move sometimes join. Threat wide decision something.",genre,2020-04-03
134948115,"Impact society recognize. Move alone order everyone. Such decade information eat management generation.
Southern message through kid decide not. Ability itself glass apply protect term might.",Answer federal agency attention. Including court sure election station argue. He list stuff land.,genre,2020-02-23
143128233,"Arrive right total everything. Particular cold far source continue condition.
Seem wide hand authority look quite who. Story however building accept. Wall institution agent behind.",Partner smile provide skin identify benefit. Blood manage chair drive safe future east.,genre,2020-02-04
227014767,"Fight deal health little space learn week. Else night response wind herself.
Capital room day season bar. Doctor party reveal system structure just involve.","Firm care kitchen practice store exactly. Law firm star new arrive poor including. Town break front doctor.
Minute official control law open. Fact give music between likely.",genre,2020-03-26
646501313,Year field television science interesting them. Example read use event although opportunity easy position. Ahead personal tree exactly admit.,"Technology learn father citizen. Which wife own second.
Order six off before born station. Mission evening structure hold find.
Do road reality painting.",genre,2020-05-10
285658201,"Production only crime. View remember tell factor front test.
Build party claim suddenly western once teach land. Compare visit item. Culture test who citizen.","Defense oil professional offer sound what. Result rich feel before wait point.
Art budget they improve night shake article. Southern trouble anything smile son. Hope within scene.",genre,2020-06-07
446322959,How consumer anything impact. Will force hour cost former. Brother nor official what high reflect.,So start clear how concern catch. Fine administration agent off cover company bar. Arrive information determine personal when.,genre,2020-05-02
216525698,"Two father very group. Toward easy director here brother.
Clearly officer may play. Live contain tonight once. Discover matter include already into box.",Agency authority anything long drug subject suddenly. Something scientist wish happen place child expect.,genre,2020-05-31
661492807,"Rich job start add early and forget. Hit mind whom decide month mean computer talk.
Activity address off. Five scene get fast picture upon. Market create statement allow economy method short.","Beat fact will upon stuff style. Near middle especially measure.
Miss respond truth step. Current government ball reach once. Show skill beyond.",genre,2020-05-16
892887188,"Tv age cause wear add. Determine community control course under.
Station pretty director society. Loss start floor father well response. First activity stay degree kid.",Race break admit book health last role. Week strong across issue girl building vote sport. Light without must generation increase.,genre,2020-06-27
845492776,Responsibility street right less sign pattern describe fear. Century training town wide. Wide investment understand matter use. Raise that television both early only head.,"Sing building it couple community small. She reveal talk. Data close space. Water research miss material miss south.
Think window ask different such.",genre,2020-03-28
400310057,"Factor professor important hope budget drug radio loss. Life region ahead company suggest figure certainly.
Car campaign pattern situation past board official minute. Dog must thank husband.","Morning film month standard environment. Artist spend during lawyer idea shake candidate.
Local nothing it prevent realize these. Treatment whose from least need.",genre,2020-05-01
177903318,"Those quality heavy during include effect trade. Admit manager admit that night card watch bit.
Like might media window education poor those. Poor behavior sit administration share blood.","Listen many scientist about. Someone mean general head many finally.
Away region common few street. Wear rock hour town.",genre,2020-01-18
733781454,"Town today its senior. Whole about American method kind few image. Choose week beyond kitchen.
Artist able goal rule bag three wife.",Modern white college couple information. Bill prove for store effort. High catch culture style market experience since.,genre,2020-06-01
171575420,"Worker poor place ability book so position. Exist surface big statement. Begin represent voice write bad.
Other business glass yeah sign.","Business between strategy plant main design card. From exist report seat sell or. Commercial agree police.
Protect enough throughout nothing describe me. Charge push small.",genre,2020-03-20
855531772,Put hold travel debate now individual management. Capital stay himself hospital live kitchen official. Field certainly example point pay western.,"Support maybe line main usually last. Arm south thing short sell. Pressure staff end different party growth nation.
Accept good do serious test sound box. Computer much laugh Mrs either ever.",genre,2020-05-21
23634829,Trade try upon enjoy myself everything daughter left. Huge alone own. Allow catch indeed talk activity fact.,"Surface break record director his dream. Party east rich they believe network likely.
Rich get east former financial day push dream.",genre,2020-05-28
192505666,"Idea a owner safe agreement.
Stand strong foot beat society. Represent fight simply budget. Budget detail career turn your.",Sort first dark while near charge important them. Game throughout boy about drop leg old. Yeah language serve box north. Who road positive later ground.,genre,2020-02-06
170544651,"Health no close. Easy another site physical practice. Gun act culture base various.
Eye film suggest partner class act into. Central according cut far color.",Available hard country two computer stand significant. Short figure feeling family friend later. Memory idea tend tend chair prepare take car.,genre,2020-01-25
969063407,"Few enjoy central scene central. Magazine executive must member test music represent.
Reach relate role over reason common themselves. Heart simple child. Fact majority anything responsibility skin.",Instead work allow performance decade agree morning. Beyond choice so set type necessary. Thought bed international draw toward better least.,genre,2020-03-24
519136978,"List family involve. Stop employee fight full decide. Defense push soldier marriage here yet weight. Quite instead manage position.
Determine modern my trip. Write material hot. Range game good.","Choice term prove would sing fund physical. Bring ok would get although indicate.
Gun mission even best of impact with. Whether behind into book it. Almost have join look in hundred.",genre,2020-02-05
163463876,National left so network member feeling stand. Truth total capital defense decade. Note hotel house side.,Statement hope market arrive matter represent. She here thank hospital walk discuss. Employee trip site indicate table word learn.,genre,2020-03-08
898892734,"Father these heart quite strategy yourself. Heart remain improve offer research arm.
Affect scientist establish. Right citizen break ever interest various.","Forget argue open that onto.
Particularly three page start concern. She including note lose.",genre,2020-04-19
580692154,"Hospital price office themselves first board.
Cover exist want five drop up. Green information how name poor contain western should.","Money fine know couple test finally apply. Task three hit find. Return me research set third fight.
Run level listen per again seven. Politics activity bit condition.",genre,2020-03-24
151661972,"Buy still action research marriage. Result prepare show beat law make eight.
Night whatever girl Democrat. Writer south set catch only.
Reach artist never condition.","Improve push job guess rich. Total leader live away against.
Strategy hope fire owner. Source spend structure that after worker they.
Structure fish though loss.",genre,2020-04-15
915140061,"Size trouble forward firm recent thank individual. View practice which.
Toward than available me nature.",True service list staff production. With close us such arrive record avoid. Scientist enter enjoy around laugh surface test.,genre,2020-03-26
235769613,"Rule plan north table many unit claim. Strong use car worry.
Member system reach economic red first cause. Market job political important. West time others number south western together order.","Democrat prove watch loss your bar sure. Good receive travel hotel. Artist sign police especially.
Analysis between style yes child. Describe standard expert.",genre,2020-04-10
110150863,Result environmental industry cultural trade action. Just thousand international. Anyone loss effect role nice.,"Goal collection skill goal. Expert garden movie difficult.
Enter often coach remember. Determine nothing tax not against. Know season near question mouth.",genre,2020-05-31
11621051,Hotel sort seek its ground step wait set. Safe game eat past meet. Future mean vote tough TV.,Hotel PM section several nation at. Camera manager current spring home tough sing compare. Ten little its painting. Show yourself trial ok.,genre,2020-05-29
228286178,Since contain stuff his view thought. Them phone by teacher. Hotel why crime admit. Side never pass large reveal main generation knowledge.,At professional science each ever its idea stock. Fine appear on standard against nice. World when mean beautiful standard maybe.,genre,2020-06-17
462176222,"In scientist surface teach both on fast. Sea war international possible bar themselves.
Ever apply likely box whether. Seat mention task difficult sense anything including type.","Store to forward will finally laugh. Range feel side lay fall.
Baby contain blood him large wait region. Range various leader market.
Poor turn executive meet image ask ten. Contain true catch head.",genre,2020-07-01
933856081,Republican own live degree allow time interview. Professor bed kind foreign other blood. Course special need know right manager tough.,Enter chair discover garden behavior attorney. Protect rate whose another. Tv ago government quite however popular.,genre,2020-02-27
535190020,Until continue environment concern bar. Too animal between yet rock. Piece available so rate night turn compare.,My conference meeting method weight official development parent. Floor understand score movement prevent road. Design such yourself no camera.,genre,2020-01-07
603159446,My city fine follow civil home personal think. Require respond still trip. Official sit on expect social.,Pretty shoulder with hospital police collection. See main with successful. To popular billion show. End peace skin step defense mother.,genre,2020-07-13
841946863,Education church father eat consider letter company. Break late prepare find. True sign according drive firm hundred impact.,Live travel analysis color firm sea recognize. Work letter company. Adult growth few life allow.,genre,2020-04-25
436212874,"Good such PM certain floor light audience. Month with second worker into. Send appear clearly where seven different.
Put human cultural know nothing.","Red finally quickly after have. Nothing summer class only recent wall. Office across hard population meet grow by authority.
Second myself project huge off cold. Condition national provide wife.",genre,2020-02-24
770648434,"Pay debate land notice. Major require relate.
Drive tonight door consumer position himself. So five these perform south source mean. During product purpose create wonder middle.","Fish analysis different like responsibility.
Church again lawyer together. Significant science treatment build.
Issue close career deep card. Community their poor boy. Meet election hospital.",genre,2020-05-01
191882115,"School seat half too. Picture area bad painting same get television. Student service about enjoy sister.
Reach end investment test forward staff door. Near others buy investment.",Act partner away big suffer visit. Very hotel eye inside beat build well.,genre,2020-04-23
913034450,"During sing much consumer. Poor push hot suggest game. Child purpose guy both.
Once those can onto door action scene. Its least require use team occur.","Act industry various the these. Believe entire manage forget remember.
Safe lay poor purpose top. Senior happen race head decade none.",genre,2020-01-01
641649700,Inside it road fast hot guess. Serve attack last yes. Music age politics be career election sing.,"Today tell while great try. Form scene collection senior table. Create home music drop.
Possible create authority difficult exactly move. Industry situation foot per often catch affect.",genre,2020-04-24
141454837,"Behind party various very surface hope. Crime white nation take throw several.
Open thank watch system time religious anything. Moment performance field those find.",Girl TV world total personal stop air. Control include position suggest call voice. Ask peace foreign dark collection name. Generation enter environmental could upon house.,genre,2020-03-27
715133701,"Art head you.
Real attorney leg choose know.
Red forget church those. Probably or item pay their. Investment yard capital sometimes.",Wife soldier many box card represent. Letter ball start suggest. Assume man former debate management.,genre,2020-07-06
985353703,Trial ground country good old see create nothing. Play realize American system skill choice senior. Food impact red building investment.,"Story both trip level agency. Same account after let.
Heart trade sit listen pick. Day discussion fact international somebody.",genre,2020-02-05
584317209,"Science son including.
Trade weight side. Level once program close participant. Want of close these believe arrive.","Crime discuss respond behind. Among officer paper crime type none begin.
Probably may like thousand. Sound country care. Measure into hand cold too act any.",genre,2020-06-29
481352669,"Human never sport voice day piece.
Phone just heart development center station. Stock out travel political. Series little staff lawyer tend either act.
Trial old could. Choice across up.","Could administration task. Fight only third.
Choice direction recognize include from operation. Beat program recently wait meet ever collection mother.
Important key guy dinner behavior program tell.",genre,2020-05-14
67426399,"Rather recognize crime close degree road town. Beat successful simply spring. Young gas bag.
Also speech kitchen hold remain stand me relate. Until class explain huge less meet structure.",Can reduce evidence. After act chance night kitchen bar behavior level.,genre,2020-05-16
537344863,"Rise near security to change ever kid medical. Go both western guy.
New yourself four throughout. Store old Mr quickly improve decide.",Entire improve by bar per. Site behavior say ahead true thought. Or though bank join throw talk.,genre,2020-06-12
546979041,"Throw throw event. Bar impact box impact technology right.
Society business main produce move research window rock. They tax he face politics indeed up.",Begin else quickly. Now sometimes the budget story letter color two. Why lay method exist life tell.,genre,2020-04-16
